title;brand;price
Russell Hobbs ekspres do kawy, ciśnieniowy, 15 bar, dysza do podgrzewania/spieniania mleka, podgrzewacz do filiżanek, wskaźnik LED, szczotkowana stal nierdzewna, niebieski 1350W, Distinctions 26451-56;Russell Hobbs;1 179.00
Russell Hobbs ekspres do kawy, ciśnieniowy, 15 bar, dysza do podgrzewania/spieniania mleka, podgrzewacz do filiżanek, wskaźnik LED, szczotkowana stal nierdzewna, czarny, 1350W, Distinctions 26450-56;Russell Hobbs;999.99
Saeco 229452100 oryginalny zawór ciśnieniowy zawór kompensacyjny zawór pompa np. MAGIC ROYAL INCANTO PRIMEA automatyczny ekspres do kawy ekspres do kawy ekspres do kawy również Philips 996530031903 Spidem Tchibo;;86.39
Ufesa CE 7238 Cream - Ekspres do kawy, do przygotowania cappuccino i infuzji, 850 W, pompa ciśnieniowa 20 bar, tradycyjny system z kawą mieloną, jednodawkowa, biały / kremowy;UFESA;499.00
De'Longhi Stilosa Advanced EC235.BK ekspres do kawy z pompą ciśnieniową 15 bar, 1100 W, 1 l, czarny;De'Longhi;405.69
De'Longhi ECAM22.110.B Magnifica S Automatyczny Ekspres do Kawy, Plastik, 1450 W, 1,8 L, Czarny;De'Longhi;1 169.26
MPM MKW-08M Ciśnieniowy Ekspres do kawy,Kawy Espresso, Cappuccino, Dysza do Spieniania Mleka, Podgrzewanie Filiżanek, 20 BAR, Pojemnik na Wodę 1,2 l, Timer, Obudowa ze Stali Nierdzewnej, 1350W;MPM;549.00
Ekspres ciśnieniowy automatyczny Saeco MAGIC M2 srebrny/szary 1900 W;Saeco;6 999.00
Russell Hobbs ekspres do kawy, ciśnieniowy, kolbowy, kawa mielona lub w saszetkach ESE, dysza spieniająca, funkcja podgrzewania kubka/filiżanki, pojemność 1l, moc 1350W, czerwony, Retro Red 28250-56;Russell Hobbs;573.44
KRUPS Essential EA815070, Ekspres do kawy ciśnieniowy automatyczny, Czarny ekspres, Doskonałe espresso, Wyświetlacz LCD, Kontrola temperatury i stopnia zmielenia, Pyszna kawa;KRUPS;1 858.00
MPM MKW-07M Ciśnieniowy Ekspres do Kawy, Espresso, Cappuccino, Dysza do Spieniania Mleka, Podgrzewanie Filiżanek, 15 BAR, Pojemnik na Wodę 1,2 l, Czarno-srebrna Obudowa ze Stali Nierdzewnej, 1470W;MPM;599.00
Philips 2200 Series W pełni automatyczny Ekspres do Kawy – Klasyczny Spieniacz do Mleka, Intuicyjny Wyświetlacz dotykowy, Czarny mat (EP2220/10);Philips Domestic Appliances;1 076.26
Przenośny Ekspres Do Kawy, Składany Ciśnieniowy Ekspres Do Kawy Mini Espresso, Ręczny Ekspres Do Kawy Kompatybilny Z Kawą Mieloną Obsługiwane Ręcznie Na Camping Piesze Wycieczki Podróż Służbowa;Kudoo;175.07
Philips 3200 Series W pełni automatyczny Ekspres do Kawy – Klasyczny Spieniacz do Mleka, 4 Rodzaje Napojów, Intuicyjny Wyświetlacz dotykowy, Błyszczący czarny (EP3221/40);Philips Domestic Appliances;1 492.10
SHKUU ekspres do kawy nowy 70 ml mini ekspres do kawy ekspres ciśnieniowy espresso;;907.58
Ufesa CE 7238 Cream - Ekspres do kawy, do przygotowania cappuccino i infuzji, 850 W, pompa ciśnieniowa 20 bar, tradycyjny system z kawą mieloną, jednodawkowa, biały / kremowy;UFESA;499.00
MPM MKW-06M Ciśnieniowy ekspres do kawy,Kawy Espresso, Cappuccino, Dysza do spieniania mleka, Podgrzewanie filiżanek, 20 BAR, Pojemnik na wodę 1,7 l, Czarno-srebrna obudowa ze stali nierdzewnej, 850W;MPM;349.00
Zelmer ZCM7255 - Ekspres do kawy kolbowy, 20 barów, 850W, Cyfrowy panel dotykowy, Zintegrowany automatyczny spieniacz do mleka, Podwójne parzenia kawy, Funkcja podgrzewania filiżanek, Czarny/Inox.;Zelmer;447.90
Ekspres CiśNieniowy Automatyczny Ekspres Do Kawy 1450 W 1,5 L 19 Bar Zintegrowany Spieniacz Do Mleka 5 Ustawienia Zmielenia Kawy Na Kawiarnia Restauracja Biuro 12 FiliżAnki,Gray;;3 670.16
Adler Ekspres do kawy z ciśnieniem 15 barów i mocą 850 W AD 4404cr, miedziany;Adler;276.00
58mm tłuczek do kawy, tłuczek do kawy ze stali nierdzewnej płaskodenny młynek do kawy młotek do kawy uchwyt do ekspresu do kawy narzędzie ciśnieniowe z drewnianą rączką;;68.00
Rura parowa poręczny bar mleczny półautomatyczna kawa pod wysokim ciśnieniem do akcesoriów do ekspresu ciśnieniowego;;47.29
Filtry do kawy, Kosze filtrujące ze stali nierdzewnej, Kosz na filtry ciśnieniowe Akcesoria do ekspresów do kawy, Dwuwarstwowe zmywalne Kompatybilne z częściami do ekspresów do kawy Bez BPA(single);;32.21
Wielokrotnego użytku filtr do kawy ze stali nierdzewnej kosz na filtr ciśnieniowy praktyczny domowy kawiarnia akcesoria do ekspresu do kawy (2#);Stal nierdzewna;42.91
Kruszarka, przenośny ekspres do kawy, mini ręczny ciśnieniowy ekspres do kawy, równomierne ciśnienie, każda część ca (kruszarka);;1 244.82
Philips 3200 Series W pełni automatyczny Ekspres do Kawy – Spieniacz LatteGo, 5 Rodzajów Napojów, Intuicyjny Wyświetlacz dotykowy, Biały (EP3243/50);Philips Domestic Appliances;2 196.00
KRUPS Roma EA8108 Ekspres ciśnieniowy automatyczny, 3 ustawienia zmielenia kawy, Dysza do spieniania mleka, Panel sterujący ze wskaźnikami LED;KRUPS;Strona 1 z 1
Automatyczny ekspres do kawy espresso, programowalny 19-barowy ciśnieniowy ekspres do kawy z młynkiem i spieniaczem do mleka;2 Litry;7 729.78
BLACK+DECKER BXCO800E - ekspres do kawy z ciśnieniem wody, 3,5 bar, nowoczesne wzornictwo z termometrem z przodu, dysza parowa, szklana karafka, do 4 filiżanek, filtr stalowy, czarny, 800 W;Black+Decker;292.11
Fdit Przenośny mini ekspres do kawy Ręczny ciśnieniowy ekspres do kawy Espresso Kompaktowy ręczny ekspres do kawy do podróży w domu do biura na zewnątrz (czarny);Fdit;92.95
W pełni automatyczny młynek do parzenia kawy Ekspres do kawy 70ml Ręczny ekspres do kawy Mini Espresso Ręczny ciśnieniowy ekspres do kawy Espresso Naciśnięcie filiżanki do domowego zaparzacz;70 Mililitry;3 569.88
Russell Hobbs ekspres do kawy, ciśnieniowy, 15 bar, dysza do podgrzewania/spieniania mleka, podgrzewacz do filiżanek, wskaźnik LED, szczotkowana stal nierdzewna, czarny, 1350W, Distinctions 26450-56;Russell Hobbs;999.99
Russell Hobbs ekspres do kawy, ciśnieniowy, 15 bar, dysza do podgrzewania/spieniania mleka, podgrzewacz do filiżanek, wskaźnik LED, szczotkowana stal nierdzewna, titanium, 1350W, Distinctions 26452-56;Russell Hobbs;999.99
Philips Ekspres do kawy Wbudowany młynek - Szklany dzbanek 1,2 l, Na 12 filiżanek, Podwójny pojemnik na ziarna, Zegar, Czarny/Metal (HD7769/00);Philips Domestic Appliances;660.99
Mini przenośny ekspres do kawy ciśnieniowy ręczny ekspres do kawy ręczny ekspres do kawy do podróży samochodem Camping piesze wycieczki Home Office (kolor: czarny);FACAZ;411.64
Zelmer Ekspres automatyczny - ZCM8121 Maestro Barista, Ciśnienie: 20 bar, 1550 W, Pojemność zbiornika na ziarna: 300 g, 2l pojemność, czarny;Zelmer;1 166.71
Ręczny ekspres do kawy ciśnieniowej, przenośny ekspres do kawy, podróżny ekspres do kawy z Pp klasy spożywczej, do podróży w biurze domowym na zewnątrz;RENXR;200.90
Orbegozo EX 5500 Ekspres do kawy espresso i Cappuccino, 20 bar ciśnieniowy, termometr, zdejmowany zbiornik 1,5 l, parowiec, 1100 W;Orbegozo;586.13
De’Longhi ECAM 350.15.B Dinamica Automatyczny Ekspres do Kawy, Tworzywo Sztuczne/Metal, 1450 W, 1,7 Litra, Czarny/Srebrny;De’Longhi;1 699.00
W pełni automatyczny młynek do parzenia kawy Przenośny ekspres do kawy Ręczny ekspres do kawy Espresso ciśnieniowe (kruszarka) (B);60 Mililitry;6 401.82
W pełni automatyczny młynek do parzenia kawy Mini ręczny ekspres do kawy przenośny ekspres do kawy Home Office Travel ręczny ekspres do kawy ciśnieniowy młynek do kawy sokowirówka sokowirówk;;3 233.88
Melitta 6707286 Aromaboy Ekspres Przelewowy, 500 W, Poj. 2 Filiżanki, Czarny;Melitta;210.03
Cecotec Cafelizzia 790 White ekspres do kawy do espresso i cappuccino, z szybkim ogrzewaniem termoblokowym, 20 barów, tryb automatyczny na 1 i 2 kawy, regulowany parowar (biały, bez manometru);Cecotec;414.96
Melitta E 950-222 Caffeo Solo Automatyczny Ekspres do Kawy, 1400 W, 1,2 Litra, Czarny/Srebrny;Melitta;1 443.00
Automatyczny ekspres do kawy espresso, programowalny 15-barowy ekspres do kawy z pompą ciśnieniową, ze spieniaczem do mleka do napojów Cafe Americano, Latte i Cappuccino;2 Litry;4 367.94
Black + Decker BXCO1200E - Ekspres do kawy espresso Zaparzacz do kawy espresso czarny;Black+Decker;438.19
Automatyczny ekspres do kawy espresso, programowalny 15-barowy ekspres do kawy z pompą ciśnieniową, ze spieniaczem do mleka do napojów Cafe Americano, Latte i Cappuccino;1 Filiżanki;3 337.97
Ekspres do kawy espresso, 15 barów ciśnieniowych, spieniacz do mleka, zbiornik 1,7 l, 1450 W, wysokowydajny ekspres do kawy espresso, cappuccino, latte, machiato;SXZSB;2 540.99
KRUPS EA872B Intuition Preference ekspres do kawy, dotykowy intuicyjny wyświetlacz SMART SCREEN, inteligentny system podświetleń, personalizacja ustawień, 11 rodzajów napojów, czarno-szare wykończenie;KRUPS;3 175.23
De'Longhi EC 230.BK Automatyczny Ekspres do Kawy, Tworzywo Sztuczne/Metal, 1100 W, 1 Litr, Czarny/Srebrny;De'Longhi;429.00
De’Longhi EC685.BK EC 685 Ekspres Do Espresso, Metal, 1350 W, 1 L, Czarny;De’Longhi;711.98
KRUPS EA8918 Evidence z karafką na mleko, ekspres do kawy, dwie kawy mleczne za jednym dotknięcie, aromatyczna kawa, dotykowy wyświetlacz, 11 rodzajów napojów, łatwe czyszczenie, czarny;KRUPS;2 500.95
Gaggia ri8423/11 GRANGAGGIA Style;Gaggia;379.00
Krups XP3440 Calvi Steam & Pump Ekspres Do Kawy z Młynkiem, 1460 W, 1,1 L, Czarny/Srebrny;KRUPS;647.13
Russell Hobbs ekspres do kawy, ciśnieniowy, 15 bar, dysza do podgrzewania/spieniania mleka, podgrzewacz do filiżanek, wskaźnik LED, szczotkowana stal nierdzewna, niebieski 1350W, Distinctions 26451-56;Russell Hobbs;1 179.00
Gaggia RI8433/11 Viva Style ręczny ekspres do espresso, do mielonej kawy i saszetek, 15 barów, 1 l, 1025 W, czarny;Gaggia;379.00
Ekspres do kawy, przenośny ekspres do kawy 38W moc 18bar do samochodów ciśnieniowych;YOKAM;672.74
Ekspres ręczny ciśnieniowy, ekspres przelewowy, 4 filiżanki, przezroczysty, wielofunkcyjny, podróżny, kuchenny;;139.73
Prasa do kawy, potrójny filtr ciśnieniowy ze stali nierdzewnej Lekka przenośna prasa francuska Ekspres do kawy do podróży(#2);Omabeta;173.69
hemoton Ze Stali Nierdzewnej Wlać Kroplownik Do Kawy 51Mm Kosz Z Filtrem Portafilter Dwuwarstwowy Kosz Z Filtrem Do Espresso Do Ekspresów Ciśnieniowych Dla 2 Osób;;51.49
Russell Hobbs ekspres do kawy, ciśnieniowy, 15 bar, dysza do podgrzewania/spieniania mleka, podgrzewacz do filiżanek, wskaźnik LED, szczotkowana stal nierdzewna, czarny, 1350W, Distinctions 26450-56;Russell Hobbs;999.99
Russell Hobbs ekspres do kawy, ciśnieniowy, 15 bar, dysza do podgrzewania/spieniania mleka, podgrzewacz do filiżanek, wskaźnik LED, szczotkowana stal nierdzewna, niebieski 1350W, Distinctions 26451-56;Russell Hobbs;1 179.00
Saeco 229452100 oryginalny zawór ciśnieniowy zawór kompensacyjny zawór pompa np. MAGIC ROYAL INCANTO PRIMEA automatyczny ekspres do kawy ekspres do kawy ekspres do kawy również Philips 996530031903 Spidem Tchibo;;86.39
Ufesa CE 7238 Cream - Ekspres do kawy, do przygotowania cappuccino i infuzji, 850 W, pompa ciśnieniowa 20 bar, tradycyjny system z kawą mieloną, jednodawkowa, biały / kremowy;UFESA;499.00
Gaggia RI8433/11 Viva Style ręczny ekspres do espresso, do mielonej kawy i saszetek, 15 barów, 1 l, 1025 W, czarny;Gaggia;379.00
Philips 5400 Series W pełni automatyczny Ekspres do Kawy – Spieniacz LatteGo, 12 Rodzajów Napojów, Intuicyjny Wyświetlacz, 4 Profile Użytkownika, Czarny (EP5441/50);PHILIPS;2 659.00
Melitta CAFFEO CI ekspres automatyczny do kawy E970-101, srebrny;;3 321.88
Zawór ciśnieniowy do pompy ekspresu do kawy De'Longhi 5513211371;;Strona 1 z 1
Severin Ka 4810 Ekspres Do Kawy Z Młynkiem Żarnowym;Severin;424.15
Philips 4200 Series W pełni automatyczny Ekspres do Kawy – Klasyczny Spieniacz do Mleka, 5 Rodzajów Napojów, Intuicyjny Wyświetlacz, Błyszczący czarny (EP4321/50);Philips Domestic Appliances;1 899.00
Krups EA891D10 Automatyczny Ekspres do Kawy, Stal Nierdzewna, 1450 W, 2,3 L, Czarny/Srebrny;KRUPS;3 002.31
De'Longhi ECP31.21 Kolbowy Ekspres do Kawy, Tworzywo Sztuczne/Metal, 1100 W, 1,1 Litra, Czarny/Srebrny;De'Longhi;479.00
CREATE / THERA MATT PRO / Półautomatyczny ekspres do kawy / 20 barów ciśnieniowych - Zdejmowany zbiornik na mleko i wodę 1,5 l - moc 1250W - Espresso, Latte lub Cappuccino;CREATE;870.95
Ekspres Ciśnieniowy Automatyczny Saeco Magic M1;Saeco;6 499.00
Saeco GranAroma W pełni automatyczny ekspres do kawy – 14 rodzajów napojów, intuicyjny kolorowy wyświetlacz, 4 profile użytkownika, młynek ceramiczny (SM6580/10);Saeco;2 699.00
Philips 4200 Series W pełni automatyczny Ekspres do Kawy – Klasyczny Spieniacz do Mleka, 5 Rodzajów Napojów, Intuicyjny Wyświetlacz, Błyszczący czarny (EP4321/50);Philips Domestic Appliances;Strona 1 z 1
Półautomatyczny ekspres do kawy komercyjny ekspres do kawy do kawiarni księgarni wysoka wydajność włoski ekspres do espresso 15 barów ciśnieniowy czarny;;2 289.82
Severin Ka 5995 Ekspres Kolbowy „Espresa Plus“ Ze Spieniaczem Do Mleka, Wskaźnikiem Ciśnienia I Zestawem Barista;Severin;509.15
Ciśnieniowy ekspres do kawy, ekspres do kawy z ramieniem do spieniania mleka 5 barowa pompa ciśnieniowa, ekspres na kapsułki, inteligentne wyłączanie, antypoślizgowa podnóżek;WANGJINGMEI;1 879.65
Ekspres Do Kawy Z Pompą Ciśnieniową, Inteligentny Ekspres Do Kawy, 20bar Wysokociśnieniowy Ekstrakcja, Automatyczne Wyłączanie I Gęsty System Piany Mleka, Dla Gospodarstw Domowych;;1 354.44
58mm tłuczek do kawy, tłuczek do kawy ze stali nierdzewnej płaskodenny młynek do kawy młotek do kawy uchwyt do ekspresu do kawy narzędzie ciśnieniowe z drewnianą rączką;;68.00
Rura parowa poręczny bar mleczny półautomatyczna kawa pod wysokim ciśnieniem do akcesoriów do ekspresu ciśnieniowego;;47.29
Filtry do kawy, Kosze filtrujące ze stali nierdzewnej, Kosz na filtry ciśnieniowe Akcesoria do ekspresów do kawy, Dwuwarstwowe zmywalne Kompatybilne z częściami do ekspresów do kawy Bez BPA(single);;32.21
Wielokrotnego użytku filtr do kawy ze stali nierdzewnej kosz na filtr ciśnieniowy praktyczny domowy kawiarnia akcesoria do ekspresu do kawy (2#);Stal nierdzewna;42.91
Elektryczny ekspres do kawy, ciśnieniowy ekspres do kawy o mocy 18 barów o mocy 38 W do samochodu;Omabeta;715.79
Gaggia RI8435/11 Viva Deluxe – ręczny ekspres do kawy espresso, do mielonych i saszetek, 1025 W, 1 l, czarny/srebrny;Gaggia;449.00
JIAHAOJJ Ekspres do kawy, drążek do wyciągania gospodarstwa domowego komercyjny ręczny ekspres do kawy 350psi ciśnieniomierz ekspres do ekstrakcji kawy;;5 555.14
Swan Ekspres do kawy w stylu retro, z pompką, szary, ciśnienie 15 bar, spieniacz do mleka, zbiornik 1,2 l, SK22110GRN;Swan;569.90
CREATE / THERA RETRO / Ekspres do kawy Express z różą i drewnem, mielona kawa i jednoodoza, półautomatyczny ekspres do kawy z pompą ciśnieniową 15 barów i mocą 1100 W, połysk wykończeniowy;;495.48
CREATE / THERA RETRO / Ekspres do kawy Express Czarno-Drewniany / mielona kawa i jednoodoza, ESE, półautomatyczny ekspres do kawy z pompą ciśnieniową 15 barów i mocą 1100 W, połysk wykończeniowy;;500.38
Philips Ekspres do kawy w pełni automatyczny EP2230/10, czarny;PHILIPS;Strona 1 z 1
Philips 4300 Series W pełni automatyczny Ekspres do Kawy – Spieniacz LatteGo, 8 Napojów, Intuicyjny Wyświetlacz, Czarny (EP4346/70);Philips Domestic Appliances;2 440.00
Button Maker, z 1000 szt. Odznak Pins Punch Press Machine, do odznaki przycisk do otwierania butelek;;(0%)
Philips 3200 Series W pełni automatyczny Ekspres do Kawy – Spieniacz LatteGo, 5 Rodzajów Napojów, Intuicyjny Wyświetlacz dotykowy, Srebrny (EP3246/70);Philips Domestic Appliances;2 399.00
De'Longhi ECAM 23.460 automatyczny ekspres do kawy, 50x30x50;De’Longhi;2 216.40
Philips HD7865/60 Ekspres do Kawy, Stal Szlachetna, 1,45 W, 1,2 L, Czarny;Philips Domestic Appliances;Strona 1 z 1
Fellow Filtr wielokrotnego użytku i akcesoria obsługiwane ciśnieniowo do ekspresu do kawy Aeropress, ze stylem espresso, zanurzenie bez kapania i zimnym przygotowywanie w domu kamień niebieski;Stal nierdzewna;107.00
PPITVEQ W pełni automatyczny ekspres do kawy Dom wyposażony w pojemnik na mleko W pełni automatyczny ciśnieniowy ekspres do kawy o mocy 1450 W i 15 barów z technologią elektronicznej kontroli temperat;PPITVEQ;9 124.55
CREATE / THERA RETRO / Ekspres do kawy zielonego ciasta i drewna / mielona kawa i jednoodoza, ESE, półautomatyczny ekspres do kawy z pompą ciśnieniową 15 barów i mocą 1100 W, połysk;CREATE;590.95
Philips 2200 Series W pełni automatyczny Ekspres do Kawy – Klasyczny Spieniacz do Mleka, Intuicyjny Wyświetlacz dotykowy, Czarny mat (EP2220/10);Philips Domestic Appliances;Strona 1 z 1
Grzałka ekspresu 220v 800w maszyna do kawy ekspres ciśnieniowy z młynkiem;;324.50
Solac CE4552 Squissita Touch ekspres do espresso, 1,5 l, 1000 W, uchwyt filtra na 1 lub 2 kawę, funkcja automatycznego wyłączania, podwójny krem, parownik, wielokolorowy;Solac;861.34
Cecotec Cafelizzia 790 White ekspres do kawy do espresso i cappuccino, z szybkim ogrzewaniem termicznym, 20 barów, tryb automatyczny na 1 i 2 kawy, orientalny parowar (biały, z manometrem);Cecotec;609.86
Moccamaster Cup-One, mały ekspres do kawy, ekspres do kawy, kolor biały (Off-White), 300 ml;Moccamaster;890.94
CREATE / THERA RETRO / Ekspres do kawy musztardowej i drewna / mielona kawa i jednoodoza, ESE, półautomatyczny ekspres do kawy z pompą ciśnieniową 15 barów i mocą 1100 W, połysk wykończeniowy;;498.17
Riviera & Bar ekspres do kawy z filtrem, dzbanek termiczny (950 W);Riviera & Bar;510.01
Severin Ka 5760 Ekspres Do Kawy „Caprice“;Severin;612.37
SEVERIN KA 9252 przelewowy ekspres do kawy z 2 termosami, ok. 1000 W, do 8 filiżanek, filtr obrotowy 1 x 4 z zamknięciem na kapanie, automatyczne wyłączanie, pokrywa parzenia, czarny;SEVERIN;256.93
De'Longhi Icona Vintage ECOV 311.BG – ekspres do kawy w stylu retro, z ręcznym spieniaczem do mleka, do kawy w proszku lub ESE, zbiornik na wodę 1,4 l, beżowy;De’Longhi;589.33
TM Electron TMPCF101 ręczny ekspres do kawy z ciśnieniem 15 barów, 1200 W, zbiornik 1,2 l, spieniacz do mleka, 3 funkcje, ze stali nierdzewnej, 1 filiżanka;TM Electron;481.13
WSYKC ekspres do kawy 20 barów, 1,2 l, 2 w 1 do Nespresso kapsułki i kawy mielonej, ekspres do kawy Latte i Cappuccino z spieniaczem do mleka i wyjmowanym zbiornikiem na wodę;WSYKC;2 153.75
Melitta Automatyczna maszyna do espresso, model puristy, F230-101, srebrny, 6766667;Melitta;1 499.00
YOER EKSPRES DO KAWY AUTOMATYCZNY CIŚNIENIOWY;YOER;1 499.99
Ekspres CiśNieniowy Automatyczny Ekspres Do Kawy 1450 W 1,5 L 19 Bar Zintegrowany Spieniacz Do Mleka 5 Ustawienia Zmielenia Kawy Na Kawiarnia Restauracja Biuro 12 FiliżAnki,Gray;;3 670.16
Ekspres CiśNieniowy Automatyczny Ekspres Do Kawy 1450 W 1,5 L 19 Bar Zintegrowany Spieniacz Do Mleka 5 Ustawienia Zmielenia Kawy Na Kawiarnia Restauracja Biuro 12 FiliżAnki,Black;FAMYNGL;3 670.16
DYG Przenośny ekspres do kawy ręczny ekspres do kawy ciśnieniowy espresso ręczny ekspres do espresso dla podróżnika w domu;;797.28
Ekspres do kawy, przenośny ekspres do kawy 38W moc 18bar do samochodów ciśnieniowych;YOKAM;672.74
Ekspres ręczny ciśnieniowy, ekspres przelewowy, 4 filiżanki, przezroczysty, wielofunkcyjny, podróżny, kuchenny;;139.73
Prasa do kawy, potrójny filtr ciśnieniowy ze stali nierdzewnej Lekka przenośna prasa francuska Ekspres do kawy do podróży(#2);Omabeta;173.69
hemoton Ze Stali Nierdzewnej Wlać Kroplownik Do Kawy 51Mm Kosz Z Filtrem Portafilter Dwuwarstwowy Kosz Z Filtrem Do Espresso Do Ekspresów Ciśnieniowych Dla 2 Osób;;51.49
Russell Hobbs ekspres do kawy, ciśnieniowy, 15 bar, dysza do podgrzewania/spieniania mleka, podgrzewacz do filiżanek, wskaźnik LED, szczotkowana stal nierdzewna, czarny, 1350W, Distinctions 26450-56;Russell Hobbs;999.99
Russell Hobbs ekspres do kawy, ciśnieniowy, 15 bar, dysza do podgrzewania/spieniania mleka, podgrzewacz do filiżanek, wskaźnik LED, szczotkowana stal nierdzewna, niebieski 1350W, Distinctions 26451-56;Russell Hobbs;1 179.00
Saeco 229452100 oryginalny zawór ciśnieniowy zawór kompensacyjny zawór pompa np. MAGIC ROYAL INCANTO PRIMEA automatyczny ekspres do kawy ekspres do kawy ekspres do kawy również Philips 996530031903 Spidem Tchibo;;86.39
Ufesa CE 7238 Cream - Ekspres do kawy, do przygotowania cappuccino i infuzji, 850 W, pompa ciśnieniowa 20 bar, tradycyjny system z kawą mieloną, jednodawkowa, biały / kremowy;UFESA;499.00
240Ml Ekspres do Espresso,5 Bar Pompa Ciśnieniowa Ekspres do Kawy,800W Espressimo Styl Barista Ekspres do Kawy,jasnoniebieski;RENXR;686.90
Ekspres do espresso z pompą ciśnieniową 5 barów do spieniania mleka, ekspres do kawy 730 W 240 ml, ekspres do kawy Style Espresso;;6 923.06
"Ekspres do kawy Ekspres do kawy Mała parowa Półautomatyczna maszyna do spieniania Ekspres do espresso 5 ciśnieniowy Pumpndash o Bubble Machinendash; srebrny (800 watów) do";NBLD;2 534.99
Ekspres do kawy Ekspres do kawy na kapsułki Ekspres do kawy z filtrem Ręczny ekspres ciśnieniowy Mini ręczny kubek do kawy Nadaje się do podróży rodzinnych (Kolor: Czarny, Rozmiar: Jeden rozmiar);FACAZ;430.91
Ekspres do kawy z filtrem Ekspres do kawy z pompą ciśnieniową 20BAR i spieniaczem do mleka, wizualna kontrola temperatury, może zrobić latte mokkę i cappuccino;;1 790.96
n/a Przenośny ekspres do kawy ręczny ekspres do kawy ciśnieniowy espresso ręczny ekspres do espresso dla podróżnika w domu (kolor: B);B;3 094.76
De'Longhi De'Longhi EDG 160.A | NESCAFÉ Dolce Gusto Infinissima | ekspres do kawy na kapsułki | na gorące i zimne napoje | ciśnienie pompy 15 bar dla aksamitnej kremy | antracytowy, tworzywo sztuczne;De’Longhi;207.99
Francuski Dzbanek do Prasowania, Domowy Dzbanek Ciśnieniowy Dzbanek do Kawy Herbata Bambusowa Osłona Filtr Garnek Ciśnieniowy żaroodporny Szklany Kubek Filtrujący Ręczny Ciśnieniowy Ekspres(2#);Fdit;104.20
Ręczny ekspres do kawy ciśnieniowy ekspres do kawy, przenośny ekspres do kawy, podróżny ekspres do kawy z polipropylenu klasy spożywczej, do domu, biura, podróży na zewnątrz;;506.68
"Mała półautomatyczna pianka parowa, ekspres do kawy, pompa ciśnieniowa 5 barów, latte, cappuccino, americano, ekspres do kawy bąbelkowej; oszczędność energii srebra";;2 124.69
Philips 4200 Series W pełni automatyczny Ekspres do Kawy – Klasyczny Spieniacz do Mleka, 5 Rodzajów Napojów, Intuicyjny Wyświetlacz, Błyszczący czarny (EP4321/50);Philips Domestic Appliances;Strona 1 z 1
Ekspres do kawy espresso, 19-pompowy ciśnieniowy ekspres do kawy na kapsułki, małe urządzenia do domowego biura, odpowiedni dla miłośników kawy, używany do robienia cappuccino i latte;NBLD;2 296.99
Przenośny mini ręczny ciśnieniowy ekspres do kawy w proszku kubek do gotowania ręczny Bar Espresso Maker kubek do ekstrakcji wenfeng1991;Haiqings;2 009.65
Automatyczny ekspres do kawy espresso, programowalny 15-barowy ekspres do kawy z pompą ciśnieniową, ze spieniaczem do mleka do napojów Cafe Americano, Latte i Cappuccino;2 Litry;4 367.94
Stal nierdzewna French Press Dzbanek do kawy Filtr ciśnieniowy Moka Ekspres do kawy Dzbanek ciśnieniowy Ekspres do kawy Czajnik (kolor: A, rozmiar: 350 ml) (350 ml);;3 772.48
Saeco Xelsis Suprema W pełni automatyczny Ekspres do Kawy – Wi-Fi, 22 Rodzaje Napojów, Intuicyjny Wyświetlacz dotykowy 7,8 cali, 8 Profili Użytkownika, Młynek ceramiczny (SM8889/00);Philips Saeco;5 999.00
58mm tłuczek do kawy, tłuczek do kawy ze stali nierdzewnej płaskodenny młynek do kawy młotek do kawy uchwyt do ekspresu do kawy narzędzie ciśnieniowe z drewnianą rączką;;68.00
Rura parowa poręczny bar mleczny półautomatyczna kawa pod wysokim ciśnieniem do akcesoriów do ekspresu ciśnieniowego;;47.29
Filtry do kawy, Kosze filtrujące ze stali nierdzewnej, Kosz na filtry ciśnieniowe Akcesoria do ekspresów do kawy, Dwuwarstwowe zmywalne Kompatybilne z częściami do ekspresów do kawy Bez BPA(single);;32.21
Wielokrotnego użytku filtr do kawy ze stali nierdzewnej kosz na filtr ciśnieniowy praktyczny domowy kawiarnia akcesoria do ekspresu do kawy (2#);Stal nierdzewna;42.91
Przenośny ręczny ciśnieniowy ekspres do kawy w proszku kubek do gotowania ręczny bar ekspres do kawy ction Cup;;2 493.07
Ekspresy do kawy Prasa francuska ze stali nierdzewnej Dzbanek do kawy Filtr ciśnieniowy Moka Ekspres do kawy Dzbanek ciśnieniowy Ekspres do kawy Czajnik Czajnik (kolor: A, rozmiar: 350 ml) (350 ml);;2 408.69
De'Longhi Icona Vintage ECOV 311.BG – ekspres do kawy w stylu retro, z ręcznym spieniaczem do mleka, do kawy w proszku lub ESE, zbiornik na wodę 1,4 l, beżowy;De’Longhi;589.33
Ekspres do kawy ręczny ekspres do kawy przenośny ciśnieniowy ekspres do kawy Espresso ręczny ekspres do kawy dla podróżnika domowego;;3 246.60
Ekspres do kawy Ekspres do kawy Ekspres do kawy o pojemności 15 filiżanek Potężny ciśnieniowy ekspres do kawy Ekspres do kawy z różdżką spieniacza do mleka i 850 W czarny;;3 471.99
Ręczny ciśnieniowy ekspres do kawy na kapsułki-przenośny ręczny kapsułowy ekspres do kawy Prasa ręczna Ekspres do kawy Biuro w domu;;355.05
Ekspres do kawy Przenośny ręczny ciśnieniowy ekspres do kawy Instrukcja Coffeeware Kuchnia Mini gadżety do podróży w domu na zewnątrz;AMINNA;2 653.77
70ml ekspres do kawy przenośny ręczny ekspres do kawy ciśnieniowy ekspres do kawy Espresso ręczny ekspres do kawy dla podróżnika domowego;;2 962.57
DODY Ręczny ekspres do kawy, R2D2 robot domowy mini czajnik próżniowy, ekspres do kawy, czajnik ciśnieniowy mokka;DODY;236.68
Zawór ciśnieniowy do pompy ekspresu do kawy De'Longhi 5513211371;;Strona 1 z 1
RANRAO Mini podróżny ekspres do kawy, przenośny ekspres do kawy, izolowany kubek podróżny, ciśnieniowy próżniowy wszystko w jednym, ręczny zaparzacz do kawy, szybka ekstrakcja, kubek ze stali nierdzewnej, 320 ml;;227.43
Philips 4300 Series W pełni automatyczny Ekspres do Kawy – Spieniacz LatteGo, 8 Napojów, Intuicyjny Wyświetlacz, Czarny (EP4346/70);Philips Domestic Appliances;2 440.00
Automatyczny ekspres do kawy espresso, programowalny 15-barowy ekspres do kawy z pompą ciśnieniową, ze spieniaczem do mleka do napojów Cafe Americano, Latte i Cappuccino;1 Filiżanki;3 337.97
Inteligentny ekspres do kawy domowy 1,7 l ekspres do kawy półautomatyczny ciśnieniowy ekspres do espresso ze stali nierdzewnej pompa do mleka parowego;;2 670.57
Automatyczny ekspres do kawy na kapsułki, Ekspres ciśnieniowy z pompką do espresso, Zbiornik na wodę o dużej pojemności, Szybkie zaparzanie 25 sekund, Prosta obsługa;FACAZ;1 510.34
Przenośny ciśnieniowy ekspres do kawy Ręczny ekspres do kawy Espresso Atomowy ekspres do kawy z ładowarką USB Ekspres do kawy Espresso;;4 372.76
800 ml Coffee Fox French Press Szklany ekspres do kawy z filtrem ciśnieniowym nadaje się do zmywarki. szklany czajnik;Hetai;91.55
Profesjonalny ekspres do kawy 240 ml ekspres do kawy z pompką do mleka, pompą ciśnieniową 5 bar i automatycznym odciążeniem, może zrobić latte mokka i cappuccino;;2 377.73
Mini Przenośny Ciśnieniowy Ekspres Do Kawy Ręczny Ekspres Atomowy do Kawy Espresso USB Ładowania Kapsułek Ekspres do Espresso;;2 299.92
Ekspres do kawy Espresso Wbudowany spieniacz do mleka ， System ciśnieniowy Ekspres do kawy ， Domowy ekspres do kawy;;5 082.00
Przenośny ręczny ciśnieniowy ekspres do kawy w proszku kubek do gotowania ręczny bar ekspres do kawy ction Cup;;3 421.37
XIKUO W pełni automatyczny ekspres do kawy do parzenia Ekspres do kawy 70 ml Ręczny ekspres do kawy Mini Espresso Ręczny ciśnieniowy ekspres do kawy Espresso Naciśnięcie filiżanki;HYCy;1 266.65
Ekspres do kawy Espresso Wbudowany spieniacz do mleka ， System ciśnieniowy Ekspres do kawy ， Domowy ekspres do kawy;;3 809.89
Automatyczny ekspres do kawy, domowy spieniacz do mleka parowego, 15-barowy ciśnieniowy ekspres do kawy, cyfrowa regulacja temperatury, do włoskiej kawy, napojów latte i cappuccino, czerwony;WANGJINGMEI;3 540.54
W pełni automatyczny młynek do parzenia kawy Ekspres do kawy 70ml Ręczny ekspres do kawy Mini Espresso Ręczny ciśnieniowy ekspres do kawy Espresso Naciśnięcie filiżanki do domowego zaparzacz;70 Mililitry;3 569.88
Przenośny ręczny ciśnieniowy ekspres do kawy w proszku kubek do gotowania ręczny bar ekspres do kawy ction Cup;;5 584.61
Przenośny ekspres do kawy Ręczny ekspres do kawy Espresso ciśnieniowy Ręczny ekspres do kawy dla podróżnika domowego (kolor: biały) (czarny);;2 024.83
Ekspresy do kawy z filtrem 70 ml Ręczny ekspres do kawy Mini Espresso Ręczny ręczny ciśnieniowy ekspres do kawy Espresso Ekspres do kawy (rozmiar: 20 * 6 cm);;564.06
SJYDQ Mini ekspres do kawy ręczny ekspres do kawy przenośny ciśnieniowy ekspres do kawy espresso ręczny ekspres do kawy dla podróżnika domowego;SJYDQ;1 573.43
VeoHome - Ekspres do kawy z tłokiem 1 litr - Niełamliwy i utrzymuje kawę gorącą przez długi czas dzięki podwójnej powłoce ze stali nierdzewnej;VeoHome;146.34
KOKSII Filtr CiśNieniowy do Dzbanka do Kawy Ze Stali Nierdzewnej Ekspres CiśNieniowy do Kawy Moka Dzbanek CiśNieniowy Dzbanek do Kawy 350Ml;KOKSII;151.87
Domowy Dwuwarstwowy 304 Ręczny Garnek Ciśnieniowy do Kawy ze Stali Nierdzewnej Filtr Ekspres do Kawy Dzbanek na Herbatę(1000ML 13.5x27cm/5.3x10.6in);;230.29
Ekspres do kawy, przenośny ekspres do kawy 38W moc 18bar do samochodów ciśnieniowych;YOKAM;672.74
Ekspres ręczny ciśnieniowy, ekspres przelewowy, 4 filiżanki, przezroczysty, wielofunkcyjny, podróżny, kuchenny;;139.73
Prasa do kawy, potrójny filtr ciśnieniowy ze stali nierdzewnej Lekka przenośna prasa francuska Ekspres do kawy do podróży(#3);Omabeta;200.09
hemoton Ze Stali Nierdzewnej Wlać Kroplownik Do Kawy 51Mm Kosz Z Filtrem Portafilter Dwuwarstwowy Kosz Z Filtrem Do Espresso Do Ekspresów Ciśnieniowych Dla 2 Osób;;51.49
Russell Hobbs ekspres do kawy, ciśnieniowy, 15 bar, dysza do podgrzewania/spieniania mleka, podgrzewacz do filiżanek, wskaźnik LED, szczotkowana stal nierdzewna, czarny, 1350W, Distinctions 26450-56;Russell Hobbs;999.99
Russell Hobbs ekspres do kawy, ciśnieniowy, 15 bar, dysza do podgrzewania/spieniania mleka, podgrzewacz do filiżanek, wskaźnik LED, szczotkowana stal nierdzewna, niebieski 1350W, Distinctions 26451-56;Russell Hobbs;1 179.00
Saeco 229452100 oryginalny zawór ciśnieniowy zawór kompensacyjny zawór pompa np. MAGIC ROYAL INCANTO PRIMEA automatyczny ekspres do kawy ekspres do kawy ekspres do kawy również Philips 996530031903 Spidem Tchibo;;86.39
Ufesa CE 7238 Cream - Ekspres do kawy, do przygotowania cappuccino i infuzji, 850 W, pompa ciśnieniowa 20 bar, tradycyjny system z kawą mieloną, jednodawkowa, biały / kremowy;UFESA;499.00
800W Ekspresy do kawy 240ML 5 Bar ciśnieniowy ekspres do kawy Espresso System parowy Espresso ze spieniaczem do mleka;;9 569.00
pełni automatyczny młynek do parzenia kawy Ekspres do kawy Espresso Wbudowany spieniacz do mleka, System ciśnieniowy Ekspres do kawy, Domowy ekspres do kawy Młynek do przypraw Wyciskarka do;;10 229.88
Półautomatyczny ekspres do kawy ciśnieniowy ekspres do kawy parowa maszyna do mleka i pianki;;6 706.56
Ekspres do kawy Automatyczny ekspres do kawy Domowy mały ekran dotykowy Szlifowanie Zintegrowana pompa parowa Ciśnieniowy ekspres do kawy;FACAZ;10 881.20
Ekspres do kawy Automatyczny ekspres do kawy Domowy mały ekran dotykowy Szlifowanie Zintegrowana pompa parowa Ciśnieniowy ekspres do kawy;FACAZ;10 881.20
Ekspres do kawy Automatyczny ekspres do kawy Domowy mały ekran dotykowy Szlifowanie Zintegrowana pompa parowa Ciśnieniowy ekspres do kawy;FACAZ;11 173.73
W Pełni Automatyczny Młynek Do Parzenia Kawy Produkty Ekspres Do Kawy, Elektryczny Ciśnieniowy Ekspres Do Kawy Na Kapsułki Ekspres Do Kawy Ekspres Do Kawy Domowy Ekspres Do Kawy Ręczny Ekspres Do Kaw;PAKUES-QO;11 936.17
WEIXINMWP Mini ekspres do kawy ręczny ekspres do kawy przenośny ciśnieniowy ekspres do kawy ręczny ekspres do kawy dla podróżników rodzinnych, czarny;;205.87
Automatyczna Ekspres Do Kawy, Ekspres Do Kawy, Ekspres Do Kawy, Automatyczny Domowy Mały Stal Nierdzewna Ciśnieniowa Ciśnieniowa Piana Mleka, Szybki System Grzewczy, 850 W;DDQQ;1 350.09
Przenośny ekspres do kawy Ręczny ekspres do kawy Espresso ciśnieniowy Ręczny ekspres do kawy dla podróżnika domowego (kolor: A) (A);FMOPQ;12 621.72
Ekspres do kawy Ekspres do kawy z filtrem Przenośny ciśnieniowy ekspres do kawy Zewnętrzny przenośny mini dzbanek do kawy Nadaje się do podróży rodzinnych (kolor: biały, rozmiar: jeden rozmiar);FACAZ;653.99
Ekspres do kawy Przenośny ręczny ciśnieniowy ekspres do kawy Instrukcja Coffeeware Kuchnia Mini gadżety do podróży w domu na zewnątrz;AMINNA;2 653.77
KRUPS ESSENTIAL • Ekspres do kawy espresso z młynkiem do ziarnistości • Ekran LCD • Automatyczne czyszczenie • Dysza parowa (YY4081FD + dzbanek na mleko ze stali nierdzewnej • CZARNY);KRUPS;2 653.00
Ekspres do kawy Espresso Wbudowany spieniacz do mleka ， System ciśnieniowy Ekspres do kawy ， Domowy ekspres do kawy;;5 082.00
Ekspres do kawy Espresso Wbudowany spieniacz do mleka, ekspres do kawy z systemem ciśnieniowym, domowy ekspres do kawy;;8 535.64
Ekspres do kawy z ramieniem do spieniania mleka 5 bar pompa ciśnieniowa, 730 W ekspres do kawy 240 ml, Espressimo Bar (domowa kruszarka);;6 893.77
58mm tłuczek do kawy, tłuczek do kawy ze stali nierdzewnej płaskodenny młynek do kawy młotek do kawy uchwyt do ekspresu do kawy narzędzie ciśnieniowe z drewnianą rączką;;68.00
Rura parowa poręczny bar mleczny półautomatyczna kawa pod wysokim ciśnieniem do akcesoriów do ekspresu ciśnieniowego;;47.29
Filtry do kawy, Kosze filtrujące ze stali nierdzewnej, Kosz na filtry ciśnieniowe Akcesoria do ekspresów do kawy, Dwuwarstwowe zmywalne Kompatybilne z częściami do ekspresów do kawy Bez BPA(single);;32.21
Wielokrotnego użytku filtr do kawy ze stali nierdzewnej kosz na filtr ciśnieniowy praktyczny domowy kawiarnia akcesoria do ekspresu do kawy (2#);Stal nierdzewna;42.91
XIKUO w pełni automatyczny młynek do parzenia kawy Mini ręczny ekspres do kawy przenośny ekspres do kawy Home Office Travel ręczny ekspres do kawy ciśnieniowy młynek do kawy sokowi;;1 118.25
Mini Przenośny Ciśnieniowy Ekspres Do Kawy Ręczny Ekspres Atomowy do Kawy Espresso USB Ładowania Kapsułek Ekspres do Espresso;;2 299.92
Przenośny ręczny ciśnieniowy ekspres do kawy w proszku kubek do gotowania ręczny bar ekspres do kawy ction Cup;;2 493.07
Ekspres do kawy espresso, 19-pompowy ciśnieniowy ekspres do kawy na kapsułki, małe urządzenia do domowego biura, odpowiedni dla miłośników kawy, używany do robienia cappuccino i latte;NBLD;2 296.99
Krups KM4682 ekspres do kawy T8, 850 W, automatyczne wyłączanie, 8-12 filiżanek, podświetlany włącznik/wyłącznik, biały;KRUPS;486.88
Prasa do kawy 1000ML prasa francuska ekspres do kawy garnek ciśnieniowy ze stali nierdzewnej ręczny dzbanek do kawy francuski szklany filtr ciśnieniowy czajniczek filtr domowy kubek przenośny ekspres;;560.01
Stal nierdzewna French Press Dzbanek do kawy Filtr ciśnieniowy Moka Ekspres do kawy Dzbanek ciśnieniowy Ekspres do kawy Czajnik (kolor: A, rozmiar: 350 ml) (350 ml);;3 772.48
Ekspres do kawy ręczny ekspres do kawy przenośny ciśnieniowy ekspres do kawy Espresso ręczny ekspres do kawy dla podróżnika domowego;;3 246.60
Ekspres do kawy Espresso Wbudowany spieniacz do mleka ， System ciśnieniowy Ekspres do kawy ， Domowy ekspres do kawy;;3 809.89
Ekspres do kawy Ekspres do kawy Ekspres do kawy o pojemności 15 filiżanek Potężny ciśnieniowy ekspres do kawy Ekspres do kawy z różdżką spieniacza do mleka i 850 W czarny;;3 471.99
Qinndhto 70 ml mini ekspres do kawy ciśnieniowy espresso ręczny ekspres garnki nadające się do samochodu podróż kemping wędrówki biuro przenośne dzbanki do kawy akcesoria (kolor: czarny);Qinndhto;303.51
Ekspres do kawy Mini przenośne ręczne kapsułki ciśnieniowe kubek do kawy ręczny garnek do ekstrakcji espresso;;1 254.24
Mały ekspres do kawy, ręczny ekspres do kawy, robot domowy mini czajnik próżniowy, ekspres do kawy mokka czajnik ciśnieniowy ekspres do kawy do domu i biura zbiornik ekspres do kawy;;279.27
Ekspresy do kawy Prasa francuska ze stali nierdzewnej Dzbanek do kawy Filtr ciśnieniowy Moka Ekspres do kawy Dzbanek ciśnieniowy Ekspres do kawy Czajnik Czajnik (kolor: A, rozmiar: 350 ml) (350 ml);;2 408.69
WJSW Ekspres do kawy mini przenośny kompaktowy ekspres do kawy ręczny ciśnieniowy przenośny espresso kawa cappuccino do domu (różowy);WJSW;1 180.57
IKOHS THERA Retro, ekspresowy ekspres do kawy do espresso i cappuccino, 1100 W, 15 bar, obrotowa dysza parowa, pojemność 1,25 l, mielona kawa i pojedyncze pady, z podwójnym wyjściem;IKOHS;545.95
Przenośny ciśnieniowy ekspres do kawy Ręczny ekspres do kawy Espresso Atomowy ekspres do kawy z ładowarką USB Ekspres do kawy Espresso;;4 372.76
Przenośny ręczny ciśnieniowy ekspres do kawy w proszku kubek do gotowania ręczny bar ekspres do kawy ction Cup;;5 584.61
IMONS Mini ekspres do kawy 4 w 1, szybkie nagrzewanie, oszczędność energii 19 barów, ogrzewanie drukarki w ciągu 3 sekund, 3 wymienne wkłady na kapsułki, zmieloną kawę, idealny na podróż, do domu i biura;IMONS;677.34
Przenośny ekspres do kawy Ręczny ekspres do kawy Espresso ciśnieniowy Ręczny ekspres do kawy dla podróżnika domowego (kolor: A) (A);FMOPQ;4 865.34
Ekspres do kawy, przenośny ekspres do kawy 38W moc 18bar do samochodów ciśnieniowych;YOKAM;672.74
Przenośny ekspres do kawy, ręczna kapsułka ciśnieniowa 20 Bar i kawa w proszku kompatybilna z kawą w proszku, ekspres do kawy podróżnej na kemping;;412.90
De’Longhi ECAM 46.860.B Eletta Evo Ekspres Do Kawy, Plastik, 1450 W, 2 L, Czarny;De’Longhi;2 591.76
Strona główna 15Bar ekspres do kawy ekspres do kawy ekspres do kawy Espresso półautomatyczna pompa ciśnieniowa para spieniacz do mleka Panel dotykowy 220;FMOPQ;950.30
Ekspres do kawy Domowy Przenośny Ręczny Ekspres Do Kawy Ręczne Parzenie Gorącego Napoju Kapsułka Zewnętrzna Ręka Ciśnieniowy Dzbanek Do Kawy Czarny Ekspres do Kawy;;1 135.31
DGHJK Ekspres do kawy, 5 bar ciśnieniowy osobisty zaparzacz do espresso parą z spieniaczem do mleka;;1 109.44
Ekspres do kawy Ekspres do kawy Kawa, pojemność Potężny ciśnieniowy ekspres do kawy z różdżką spieniacza do mleka i (15 filiżanek), czarny;;2 209.48
Ekspres do kawy Półautomatyczny ekspres do kawy Pompa ciśnieniowa Ekspres do kawy Parowa maszyna do mleka i pianki (kolor: srebrny czarny);;2 376.33
Przenośny ekspres do kawy, ręczny 20 bar kapsułka ciśnieniowa i kawa w proszku kompatybilny z kawą w proszku, podróżny ekspres do kawy na kemping;Generic;924.75
Przenośny ręczny ciśnieniowy ekspres do kawy w proszku kubek do gotowania ręczny bar ekspres do kawy ction Cup;;3 421.37
70ml ekspres do kawy przenośny ręczny ekspres do kawy ciśnieniowy ekspres do kawy Espresso ręczny ekspres do kawy dla podróżnika domowego;;2 962.57
Ekspresy do kawy z filtrem Ekspres do kawy Półautomatyczny ekspres do kawy 20 bar Pompa ciśnieniowa do ekspresów do kawy w biurze domowym Ekspres do kawy;;2 092.02
Ekspres do kawy, przenośny ekspres do kawy 38W moc 18bar do samochodów ciśnieniowych;YOKAM;672.74
Ekspres ręczny ciśnieniowy, ekspres przelewowy, 4 filiżanki, przezroczysty, wielofunkcyjny, podróżny, kuchenny;;139.73
Prasa do kawy, potrójny filtr ciśnieniowy ze stali nierdzewnej Lekka przenośna prasa francuska Ekspres do kawy do podróży(#3);Omabeta;200.09
hemoton Ze Stali Nierdzewnej Wlać Kroplownik Do Kawy 51Mm Kosz Z Filtrem Portafilter Dwuwarstwowy Kosz Z Filtrem Do Espresso Do Ekspresów Ciśnieniowych Dla 2 Osób;;51.49
Russell Hobbs ekspres do kawy, ciśnieniowy, 15 bar, dysza do podgrzewania/spieniania mleka, podgrzewacz do filiżanek, wskaźnik LED, szczotkowana stal nierdzewna, czarny, 1350W, Distinctions 26450-56;Russell Hobbs;999.99
Russell Hobbs ekspres do kawy, ciśnieniowy, 15 bar, dysza do podgrzewania/spieniania mleka, podgrzewacz do filiżanek, wskaźnik LED, szczotkowana stal nierdzewna, niebieski 1350W, Distinctions 26451-56;Russell Hobbs;1 179.00
Saeco 229452100 oryginalny zawór ciśnieniowy zawór kompensacyjny zawór pompa np. MAGIC ROYAL INCANTO PRIMEA automatyczny ekspres do kawy ekspres do kawy ekspres do kawy również Philips 996530031903 Spidem Tchibo;;86.39
Ufesa CE 7238 Cream - Ekspres do kawy, do przygotowania cappuccino i infuzji, 850 W, pompa ciśnieniowa 20 bar, tradycyjny system z kawą mieloną, jednodawkowa, biały / kremowy;UFESA;499.00
Strona główna 15Bar ekspres do kawy ekspres do kawy ekspres do kawy Espresso półautomatyczna pompa ciśnieniowa para spieniacz do mleka Panel dotykowy 220;FMOPQ;950.30
Mini przenośny ekspres do kawy ciśnieniowy ręczny ekspres do kawy ręczny ekspres do kawy do podróży samochodem Camping piesze wycieczki Home Office (kolor: czarny);FACAZ;411.64
Ekspres do kawy z filtrem, ciśnieniowe ciśnienie pompy, 15 bar, spieniacz do mleka, półautomatyczny ekspres do kawy, mleko cappuccino kapsułki;;1 769.64
Ekspres ręczny ciśnieniowy, ekspres przelewowy, 4 filiżanki, przezroczysty, wielofunkcyjny, podróżny, kuchenny;;139.73
Kruszarka, przenośny ekspres do kawy, mini ekspres do kawy podręczny ciśnieniowy, kompaktowe dopasowanie do podróży na kempingu (kruszarka);;1 899.42
AIPING 70 ml mini ekspres do kawy przenośny ekspres do kawy ciśnieniowy espresso ręczny ekspres do kawy do espresso pasuje do domu podróży na gorąco (kolor: niebieski);70 Mililitry;268.98
Ekspres do espresso, pompa ciśnieniowa 5 barów, ekspres do kawy 800 W 240 ml, ekspres do kawy w stylu baristy espresso;;5 489.88
HMBB Młynek ręczny, ekspresy do kawy ręczny młynek do kawy, francuski ekspres do kawy pod ciśnieniem francuski ekspres do kawy ręczny ekspres do kawy herbaty (rozmiar: 140 * 175 mm (600 ml));HMBB;401.86
Krups KM4682 ekspres do kawy T8, 850 W, automatyczne wyłączanie, 8-12 filiżanek, podświetlany włącznik/wyłącznik, biały;KRUPS;486.88
W Pełni Automatyczny Młynek Do Parzenia Kawy Espresso Wbudowany Spieniacz Do Mleka ， System Ciśnieniowy Ekspres Do Kawy ， Domowy Ekspres Do Kawy Młynek Do Przypraw Sokowirówka Sokowirówka Mikser;PAKUES-QO;2 972.84
Gib nie auf Ekspres do espresso, pompa ciśnieniowa 5 barów, ekspres do kawy 800 W, 240 ml, ekspres do kawy Espressimo-Barista (kolor: jedny);Gib nie auf;968.26
Ręczny ciśnieniowy ekspres do kawy Restauracja nieszkodliwy przezroczysty filtr do kawy do wielu celów w podróży;;151.87
Severin Ka 4822 Ekspres Przelewowy;Severin;188.15
SHKUU ekspres do kawy ciśnieniowy przenośny ekspres do kawy do espresso z kompatybilnymi mini podróżnymi ekspresami do kawy, ręcznie obsługiwany kompatybilny z kawą mieloną od Piston Action;;1 123.23
Ekspres Do Kawy, 20Bar, 1,5L, 850W, Półautomatyczny, łatwy W Obsłudze, Trwały, W Stałej Temperaturze I Pod Wysokim Ciśnieniem;JIANLE;1 137.99
Ekspres Do Kawy, 20Bar, 1.2L, 1050W, Prosta Obsługa, Stała Temperatura I Ekstrakcja Pod Wysokim Ciśnieniem, 2 Filiżanki Na Raz;JIANLE;1 148.99
58mm tłuczek do kawy, tłuczek do kawy ze stali nierdzewnej płaskodenny młynek do kawy młotek do kawy uchwyt do ekspresu do kawy narzędzie ciśnieniowe z drewnianą rączką;;68.00
Rura parowa poręczny bar mleczny półautomatyczna kawa pod wysokim ciśnieniem do akcesoriów do ekspresu ciśnieniowego;;47.29
Filtry do kawy, Kosze filtrujące ze stali nierdzewnej, Kosz na filtry ciśnieniowe Akcesoria do ekspresów do kawy, Dwuwarstwowe zmywalne Kompatybilne z częściami do ekspresów do kawy Bez BPA(single);;32.21
Wielokrotnego użytku filtr do kawy ze stali nierdzewnej kosz na filtr ciśnieniowy praktyczny domowy kawiarnia akcesoria do ekspresu do kawy (2#);Stal nierdzewna;42.91
Mini ekspres do kawy, kapsułka i przezroczysty zbiornik na wodę 38 W Moc 92 ℃ Ekstrakcja Inteligentna kontrola 18 Bar ciśnieniowy elektryczny ekspres do kawy dla domu;Pwshymi;715.79
SEVERIN KA 9252 przelewowy ekspres do kawy z 2 termosami, ok. 1000 W, do 8 filiżanek, filtr obrotowy 1 x 4 z zamknięciem na kapanie, automatyczne wyłączanie, pokrywa parzenia, czarny;SEVERIN;256.93
DYW Ekspres do kawy półautomatyczny ekspres do kawy 20 bar pompa ciśnieniowa do domowego biura ekspresów do kawy;DYW;1 478.90
Kruszarka, przenośny ekspres do kawy, mini ekspres do kawy podręczny ciśnieniowy, kompaktowe dopasowanie do podróży na kempingu (kruszarka);;3 008.16
SJYDQ Ekspres do kawy przenośny ręczny ciśnieniowy ekspres do kawy ręczny kawa kuchnia mini gadżety do domu podróży na zewnątrz (kolor: kawa w proszku);SJYDQ;2 052.10
SuDeLLong Przenośna prasa ekspres do kawy przenośny ręczny ciśnieniowy ekspres do kawy w proszku kapsułka typ samochód na zewnątrz mały mini ekspres do kawy (kolor: Czarny, rozmiar: 6 x 22,4 cm);SuDeLLong;446.98
Qinndhto Stal nierdzewna francuska prasa dzbanek do kawy filtr ciśnienie mokka perkolator do kawy garnek ciśnieniowy ekspres do kawy czajnik 350 ml akcesoria (kolor: czarny);Qinndhto;319.51
Ekspres do kawy Ekspres do kawy Półautomatyczny ekspres do kawy 20 Pompa ciśnieniowa do domowego biura Comercial Milk Bubble Ekspresy do kawy;;2 825.99
HYY-YY Zaparzacz do kawy, dzbanek do kawy, zestaw francuski, do użytku domowego, kubek z ciśnieniem, ekspres do kawy Home Essentials (kolor: czarny, rozmiar: 350 ml);HYY-YY;1 097.55
n/a ręczny ekspres do kawy ręczny ciśnieniowy przenośny ekspres do espresso butelka do wyciskania kawy narzędzie do kawy do użytku na zewnątrz w podróży;Jednokolorowy;2 818.69
n/a ekspres do kawy przenośny ręczny ciśnieniowy ekspres do espresso ręczne naczynia do kawy kuchnia mini gadżety do podróży w domu na zewnątrz (kolor: kapsułka DG);Kapsuła Dg;3 605.13
NBCDY Ręczny ekspres do kawy, kreatywny robot R2D2 ekspres do kawy, mini filtr ze stali nierdzewnej ekspres do kawy, izolacja domowa garnek ciśnieniowy;NBCDY;193.18
ZoSiP Francuska prasa do kawy Start Nordic Style Francuski filtr zbiornik ciśnieniowy 1 l francuski dzbanek ciśnieniowy ekspres do kawy (kolor : biały, rozmiar: 1000 ml);ZoSiP;2 830.85
Ekspres do espresso z pompą ciśnieniową 5 barów do spieniania mleka, ekspres do kawy 730 W 240 ml, ekspres do kawy espresso w stylu baristy;;4 896.78
Przenośny dzbanek do kawy, konstrukcja rozdzielająca ze stali nierdzewnej Butelka do ekspresu do kawy z przenośnym filtrem ciśnieniowym Biuro na zewnątrz(闪耀黑);;182.99
Ekspres do kawy Ekspres do kawy-ekspres do espresso z pompą ciśnieniową ramienia do spieniania mleka, ekspres do kawy 730 W 240 ml, ekspres do kawy Style Espresso;FACAZ;1 925.81
Moccamaster Cup-One, mały ekspres do kawy, ekspres do kawy, kolor biały (Off-White), 300 ml;Moccamaster;890.94
Prasa Francuska Ekspres do Kawy, 4 Filiżanki Drip Coffee Press Ekspres do Herbaty Filtr Ciśnieniowy z Filtrem 350, Przenośna Prasa Ręczna Dzbanek do Kawy na Kemping Travel Kitchen;Fishawk;116.91
SENCOR SES 4010SS ekspres do kawy (1050 W, espresso, cappuccino, pompa ciśnieniowa 15 bar, kotł, obudowa ze stali nierdzewnej), srebrny;Sencor;439.00
Ekspres do kawy Domowy Przenośny Ręczny Ekspres Do Kawy Ręczne Parzenie Gorącego Napoju Kapsułka Zewnętrzna Ręka Ciśnieniowy Dzbanek Do Kawy Czarny Ekspres do Kawy;;1 135.31
Prasa do kawy 1000ML prasa francuska ekspres do kawy garnek ciśnieniowy ze stali nierdzewnej ręczny dzbanek do kawy francuski szklany filtr ciśnieniowy czajniczek filtr domowy kubek przenośny ekspres;;560.01
Arrvweer obsługa jednym kliknięciem włoska komercyjna parowa 850 W, ekspres do kawy z podwójnym kubkiem, ekspres do kawy i cappuccino, 15 filiżanek;Arrvweer;956.65
Ręczny ekspres do kawy ciśnieniowej, przenośny ekspres do kawy, podróżny ekspres do kawy z Pp klasy spożywczej, do podróży w biurze domowym na zewnątrz;RENXR;200.90
Butelka do ekspresu do kawy, klasyczna prasa podróżna ze stali nierdzewnej z przenośnym filtrem ciśnieniowym Ekspres do kawy kempingowej do biura na zewnątrz(Shining Black);OUKENS;170.59
800W Ekspresy do kawy 240ML 5 Bar ciśnieniowy ekspres do kawy Espresso System parowy Espresso ze spieniaczem do mleka;;9 569.00
Ekspres do kawy, elektryczny ciśnieniowy ekspres do kawy na kapsułki Ekspres do kawy Domowy ekspres do kawy Ręczny ekspres do kawy do domowego biura;;10 405.80
Krups Nescafé Dolce Gusto Infinissima KP1701 ekspres do kawy (do gorących i zimnych napojów, ciśnienie pompy 15 barów, ręczne dozowanie wody, zbiornik na wodę 1,2 l, automatyczne wyłączanie), biały;Krups Dolce Gusto;406.01
YMXDHZ Prasa ze stali nierdzewnej dzbanek do kawy filtr ciśnienie mokka perkolator do kawy dzbanek ciśnieniowy ekspres do kawy czajniczek (kolor: A, rozmiar: 350 ml);YMXDHZ;978.16
Prasa Francuska Ekspres do Kawy, Garnek z Filtrem Ciśnieniowym Przenośna Prasa Ręczna Dzbanek do Kawy Typu Kroplowego Filtr Prasowy Garnek do Kuchni Domowej;Haofy;157.36
W pełni automatyczny młynek do parzenia kawy Mini ręczny ekspres do kawy przenośny ekspres do kawy Home Office Travel ręczny ekspres do kawy ciśnieniowy młynek do kawy sokowirówka sokowirówk;;3 233.88
DGHJK Ekspres do kawy, 5 bar ciśnieniowy osobisty zaparzacz do espresso parą z spieniaczem do mleka;;1 109.44
Taurus Solac CE4497 Multi Stillo, Wielofunkcyjny ekspres do kawy 3 w 1, 850W, 20 bar, espresso + kappuccino, zbiornik 1,2 l, przenośny termos 320 ml, system Extra Cream, 2 kubki, stal nierdzewna/Biały;Taurus;636.35
Ekspres do kawy, przenośny ekspres do kawy 38W moc 18bar do samochodów ciśnieniowych;YOKAM;672.74
Ekspres ręczny ciśnieniowy, ekspres przelewowy, 4 filiżanki, przezroczysty, wielofunkcyjny, podróżny, kuchenny;;139.73
Prasa do kawy, potrójny filtr ciśnieniowy ze stali nierdzewnej Lekka przenośna prasa francuska Ekspres do kawy do podróży(#3);Omabeta;200.09
hemoton Ze Stali Nierdzewnej Wlać Kroplownik Do Kawy 51Mm Kosz Z Filtrem Portafilter Dwuwarstwowy Kosz Z Filtrem Do Espresso Do Ekspresów Ciśnieniowych Dla 2 Osób;;51.49
Russell Hobbs ekspres do kawy, ciśnieniowy, 15 bar, dysza do podgrzewania/spieniania mleka, podgrzewacz do filiżanek, wskaźnik LED, szczotkowana stal nierdzewna, czarny, 1350W, Distinctions 26450-56;Russell Hobbs;999.99
Russell Hobbs ekspres do kawy, ciśnieniowy, 15 bar, dysza do podgrzewania/spieniania mleka, podgrzewacz do filiżanek, wskaźnik LED, szczotkowana stal nierdzewna, niebieski 1350W, Distinctions 26451-56;Russell Hobbs;1 179.00
Saeco 229452100 oryginalny zawór ciśnieniowy zawór kompensacyjny zawór pompa np. MAGIC ROYAL INCANTO PRIMEA automatyczny ekspres do kawy ekspres do kawy ekspres do kawy również Philips 996530031903 Spidem Tchibo;;86.39
Ufesa CE 7238 Cream - Ekspres do kawy, do przygotowania cappuccino i infuzji, 850 W, pompa ciśnieniowa 20 bar, tradycyjny system z kawą mieloną, jednodawkowa, biały / kremowy;UFESA;499.00
Taurus Solac CE4497 Multi Stillo, Wielofunkcyjny ekspres do kawy 3 w 1, 850W, 20 bar, espresso + kappuccino, zbiornik 1,2 l, przenośny termos 320 ml, system Extra Cream, 2 kubki, stal nierdzewna/Biały;Taurus;636.35
Nowoczesny, odporny na wysokie temperatury, mocny ciśnieniowy ekspres do kawy retro bambusowy uchwyt atrakcyjny design strona główna francuskie piwo dla rodziny w domu! 1000ml;;143.27
Ekspres do kawy Espresso Wbudowany spieniacz do mleka, ekspres do kawy z systemem ciśnieniowym, domowy ekspres do kawy;;8 535.64
Ekspres do kawy, ekspres do kawy w kapsułkach, w pełni automatyczny domowy biurowy, ciśnieniowa pompa gorącej kawiarni włoskie narzędzie do kawy, mały domowy ekspres do herbaty mleka sojowego;60 Mililitry, 500 Mililitry;3 028.80
Przenośny ekspres do kawy, ciśnieniowy ręczny ekspres do kawy 18 bar, muitifunctional kawa zrobić idealne prezenty dla przyjaciół, rodziny, dzieci;Dilwe;141.78
Przenośny ekspres do kawy, ręczna kapsułka ciśnieniowa 20 Bar i kawa w proszku kompatybilna z kawą w proszku, ekspres do kawy podróżnej na kemping;;412.90
Przenośny ekspres do kawy, ręczny 20 bar kapsułka ciśnieniowa i kawa w proszku kompatybilny z kawą w proszku, podróżny ekspres do kawy na kemping;Generic;924.75
Ekspresy do kawy Mały domowy ekspres do kawy Pojemność 1,7 l Półautomatyczny młynek do kawy Pompa ciśnieniowa Para Pianka Biuro Czerwony;;4 072.62
Przenośny dzbanek z filtrem bez kropli Ręczny ciśnieniowy ekspres do kawy do restauracji Camping;;168.73
Ekspres do kawy Espresso Wbudowany spieniacz do mleka, ekspres do kawy z systemem ciśnieniowym, domowy ekspres do kawy;;9 428.91
Ekspres do kawy mały domowy ekspres do kawy pojemność 1,7 l w pełni półautomatyczny młynek do espresso pompa ciśnieniowa pianka parowa biuro czerwony;1.7 Litry;2 955.84
pełni automatyczny młynek do parzenia kawy Ekspres do kawy Espresso Wbudowany spieniacz do mleka, System ciśnieniowy Ekspres do kawy, Domowy ekspres do kawy Młynek do przypraw Wyciskarka do;;10 229.88
qiuqiu Francuski Ekspres do kawy ciśnieniowy, 600 ml, przenośny francuski filtr do zaparzania, ręcznie pusty szklany kubek do kawy na gorącą herbatę (600 ml);Qiuqiu;247.03
Przenośny ekspres do kawy, mini ekspres do kawy ręczny ciśnieniowy, kompaktowa izolacja ze stali nierdzewnej odpowiednia do podróży na kempingu (czerwony);;1 475.82
Prasa do kawy 350 ml francuski garnek ciśnieniowy, szklany ekspres do kawy do użytku domowego, francuska prasa filtracyjna do herbaty, tłok ze stali nierdzewnej i żaroodporne szkło borokrzemianowe do;;619.94
Prasa do kawy 350 ml francuski garnek ciśnieniowy, szklany ekspres do kawy do użytku domowego, francuska prasa filtracyjna do herbaty, tłok ze stali nierdzewnej i żaroodporne szkło borokrzemianowe do;FACAZ;619.94
58mm tłuczek do kawy, tłuczek do kawy ze stali nierdzewnej płaskodenny młynek do kawy młotek do kawy uchwyt do ekspresu do kawy narzędzie ciśnieniowe z drewnianą rączką;;68.00
Rura parowa poręczny bar mleczny półautomatyczna kawa pod wysokim ciśnieniem do akcesoriów do ekspresu ciśnieniowego;;47.29
Filtry do kawy, Kosze filtrujące ze stali nierdzewnej, Kosz na filtry ciśnieniowe Akcesoria do ekspresów do kawy, Dwuwarstwowe zmywalne Kompatybilne z częściami do ekspresów do kawy Bez BPA(single);;32.21
Wielokrotnego użytku filtr do kawy ze stali nierdzewnej kosz na filtr ciśnieniowy praktyczny domowy kawiarnia akcesoria do ekspresu do kawy (2#);Stal nierdzewna;42.91
MJWDP francuska prasa ze stali nierdzewnej dzbanek do kawy filtr ciśnienie Moka perkolator do kawy garnek ciśnieniowy ekspres do kawy czajniczek (kolor: A, rozmiar: 350 ml);350 Mililitry;1 740.16
WJSW Ekspres do kawy mini przenośny kompaktowy ekspres do kawy ręczny ciśnieniowy przenośny espresso kawa cappuccino do domu (różowy);WJSW;1 180.57
Hebry Ekspres do kawy, producent ekspresów do kawy, w pełni automatyczny espresso, ze stali nierdzewnej z komercyjnym ciśnieniem pary i stosowaną pianką mleczną;Hebry;1 194.74
XIKUO w pełni automatyczny młynek do parzenia kawy przenośny ekspres do kawy ręczny ekspres do kawy ciśnieniowy Espresso ręczny ekspres do kawy dla domu podróżnik młynek do kawy so;HYCy;1 770.15
Shanrya Wielofunkcyjny kempingowy filtr do kawy typu kroplowego do restauracji ręcznego ciśnieniowego ekspresu do kawy;;168.76
MYYINGELE Profesjonalny ekspres do kawy, pompa ciśnieniowa 20 barów – ekspres do kawy Barista, ze spieniaczem do mleka do latte, cappuccino, Flat White i wielu innych;MYYINGELE;1 878.09
Kadimendium Półautomatyczny ekspres ciśnieniowy, pręt do dojenia, środek konserwujący do baru;Kadimendium;36.99
YAMIA1115 Przenośny mini ekspres do kawy ręczna praca pod wysokim ciśnieniem ogólne kapsułki do espresso odpowiednie do jazdy samochodem w podróży na kemping do biura;YAMIA1115;728.36
Ekspres Do Kawy 1450 W, Z Ekstrakcją Pod Wysokim CiśNieniem 19 Bar, Samodzielną Funkcją PamięCi, Odpowiedni Do Ekstrakcji Kawy W Proszku I KapsułEk Z Kawą;海象;844.99
CREATE / THERA MATIC TOUCH / Czarny superautomatyczny ekspres do kawy / Wstępnie zaprogramowane przepisy, system samooczyszczający;CREATE;2 690.56
Pasotim Francuski ekspres do kawy ciśnieniowej 8 filiżanek/1 litr, podwójna izolowana prasa do kawy ze stali nierdzewnej 304;;212.52
IMONS Mini ekspres do kawy 4 w 1, szybkie nagrzewanie, oszczędność energii 19 barów, ogrzewanie drukarki w ciągu 3 sekund, 3 wymienne wkłady na kapsułki, zmieloną kawę, idealny na podróż, do domu i biura;IMONS;677.34
Gib nie auf Ekspres do espresso, pompa ciśnieniowa 5 barów, ekspres do kawy 800 W, 240 ml, styl Espressimo-Barista, łatwy w obsłudze (kolor: jedny);Gib nie auf;776.14
Przenośny ekspres do kawy ręczny garnek ciśnieniowy filtr ręcznie myty dzbanek do kawy z filtrem do kawy papierowa kuchnia domowa;;625.35
Prasa do kawy 300 ml prasa francuska ekspres do kawy wysokotemperaturowa metoda ceramiczna garnek ciśnieniowy dzbanek do kawy ekspres do herbaty sitko ze stali nierdzewnej, świetny prezent dla miłośni;;1 090.19
Mini ekspres do kawy przenośny tłoczony dzbanek do kawy filtr ręczny ciśnieniowy ekspres do kawy dla podróżnika;;166.69
Mini ekspres do kawy przenośny tłoczony dzbanek do kawy filtr ręczny ciśnieniowy ekspres do kawy dla podróżnika;;166.69
Mini ekspres do kawy przenośny tłoczony dzbanek do kawy filtr ręczny ciśnieniowy ekspres do kawy dla podróżnika (7);;166.69
Dzbanek do kawy Wysoki dzbanek do kawy ze szkła borokrzemianowego Metoda parzenia herbaty Dzbanek ciśnieniowy Szklany ekspres do herbaty Stal nierdzewna do kuchni (rozmiar: 600 ml) (1000 ml);;2 717.00
PRIXTON Bari Express 3 w 1 podwójny ekspres do kawy, espresso, Americano i Cappuccino, ciśnienie 15 bar, moc 1850 W, podwójny włoski i amerykański system kapania, zintegrowany rozpylacz;PRIXTON;428.63
W pełni automatyczny młynek do parzenia kawy Przenośny ekspres do kawy Ręczny ekspres do kawy Espresso ciśnieniowe (kruszarka) (B);60 Mililitry;6 401.82
Prasa do kawy 350ML prasa francuska ekspres do kawy francuski dzbanek ciśnieniowy czajniczek filtr ręcznie ciśnieniowy szklany dzbanek do kawy domowy dzbanek do kawy, pełny korpus ze stali nierdzewnej;;730.50
Ekspres do kawy z ramieniem do spieniania mleka 5 bar pompa ciśnieniowa, 730 W ekspres do kawy 240 ml, Espressimo Bar (domowa kruszarka);;6 893.77
L.BAN Ręczny ekspres do kawy, robot domowy mini czajnik próżniowy, ekspres do kawy mokka czajnik ciśnieniowy;L.BAN;292.12
Ekspres do kawy Mini przenośne ręczne kapsułki ciśnieniowe kubek do kawy ręczny garnek do ekstrakcji espresso;;1 254.24
Ekspres do kawy ze stali nierdzewnej, spieniacz do mleka na parze 20-barowa pompa ciśnieniowa ze spienionym mlekiem, wysokowydajny ekspres 850W, ekspres do kawy i cappuccino;FACAZ;2 389.13
Elektryczny ekspres do kawy, przezroczysty zbiornik na wodę Inteligentna kontrola Moc 38 W Mini ekspres do kawy 18-barowa kapsułka ciśnieniowa i mielone ładowanie USB do samochodu;Omabeta;715.79
Prasa do kawy Francuski garnek ciśnieniowy ze stali nierdzewnej, domowy francuski filtr ciśnieniowy Ręcznie popychany żaroodporny filtr szklany Ekspres do herbaty, wysokiej jakości szkło borokrzemiano;;961.83
Przenośny ekspres do kawy ręczny garnek ciśnieniowy filtr ręcznie myty dzbanek do kawy z filtrem do kawy papierowa kuchnia domowa;;635.45
DOLCE GUSTO PICCOLO XS KP1A3510 • ręczny ekspres do kawy 15 barów • Ekspres do kawy espresso i inne napoje + 8 kapsułek (PICCOLO XS • Czerwony);KRUPS;466.65
240Ml włoski ekspres do kawy Espresso 220V 800W 5 Bar ciśnieniowy półautomatyczny osobisty ekspres do kawy z Cappuccino spieniacz do mleka do Latte, Machiato;;636.95
Automatyczny młynek do parzenia kawy Przenośny ekspres do kawy Ręczny ekspres do kawy Ciśnieniowy Espresso Ręczny ekspres do kawy dla domu Podróżnik Młynek do przypraw do kawy sokowirówka maszyna do s;FACAZ;2 186.51
Ekspres do kawy, przenośny ekspres do kawy 38W moc 18bar do samochodów ciśnieniowych;YOKAM;672.74
Ekspres ręczny ciśnieniowy, ekspres przelewowy, 4 filiżanki, przezroczysty, wielofunkcyjny, podróżny, kuchenny;;139.73
Prasa do kawy, potrójny filtr ciśnieniowy ze stali nierdzewnej Lekka przenośna prasa francuska Ekspres do kawy do podróży(#3);Omabeta;200.09
hemoton Ze Stali Nierdzewnej Wlać Kroplownik Do Kawy 51Mm Kosz Z Filtrem Portafilter Dwuwarstwowy Kosz Z Filtrem Do Espresso Do Ekspresów Ciśnieniowych Dla 2 Osób;;51.49
Russell Hobbs ekspres do kawy, ciśnieniowy, 15 bar, dysza do podgrzewania/spieniania mleka, podgrzewacz do filiżanek, wskaźnik LED, szczotkowana stal nierdzewna, czarny, 1350W, Distinctions 26450-56;Russell Hobbs;999.99
Russell Hobbs ekspres do kawy, ciśnieniowy, 15 bar, dysza do podgrzewania/spieniania mleka, podgrzewacz do filiżanek, wskaźnik LED, szczotkowana stal nierdzewna, niebieski 1350W, Distinctions 26451-56;Russell Hobbs;1 179.00
Saeco 229452100 oryginalny zawór ciśnieniowy zawór kompensacyjny zawór pompa np. MAGIC ROYAL INCANTO PRIMEA automatyczny ekspres do kawy ekspres do kawy ekspres do kawy również Philips 996530031903 Spidem Tchibo;;86.39
Ufesa CE 7238 Cream - Ekspres do kawy, do przygotowania cappuccino i infuzji, 850 W, pompa ciśnieniowa 20 bar, tradycyjny system z kawą mieloną, jednodawkowa, biały / kremowy;UFESA;499.00
Przenośny dzbanek do kawy, konstrukcja rozdzielająca ze stali nierdzewnej Butelka do ekspresu do kawy z przenośnym filtrem ciśnieniowym Biuro na zewnątrz(Red);;182.29
SJYDQ Mini ekspres do kawy ręczny ekspres do kawy przenośny ciśnieniowy ekspres do kawy espresso ręczny ekspres do kawy dla podróżnika domowego;SJYDQ;1 573.43
WLL ekspres do kawy na kapsułki, zaparzacz do kawy, tworzywo sztuczne, sterowanie Easy One Touch, odpowiedni do dużych i małych kapsułek kawy, kapsułek herbaty i zmielonej kawy (kolor : A);WLL;1 510.84
Kompaktowy profesjonalny ekspres do kawy inteligentny półautomatyczny ekspres do kawy espresso biuro Electri do domu 15 barów pompa ciśnieniowa spieniacz do mleka parowego;;1 855.44
n/a Mini przenośny ciśnieniowy ekspres do kawy ręczny ekspres do kawy atomowej USB ładowanie kapsułki ekspres do espresso;Jednokolorowy;3 124.42
Ekspres do kawy ze stali nierdzewnej, spieniacz do mleka na parze 20-barowa pompa ciśnieniowa ze spienionym mlekiem, wysokowydajny ekspres 850W, ekspres do kawy i cappuccino;FACAZ;2 389.13
YINGGEXU Ekspres do kawy Espresso Machine z milkowym ramieniem 5 bar pompa ciśnieniowa, Ekspres do kawy 730W 240ml, Espressimo Barista Style Espresso Espresso Coffee;YINGGEXU;957.63
Automatyczne Zaparzanie Młynek Do Kawy Ekspres Do Kawy Ciśnieniowy Domowy Mały Komercyjny Fspółautomatyczny Parowy Spieniacz Do Mleka Młynek Do Przypraw Do Kawy Sokowirówka Sokowirówka Mikser;;4 288.02
Nowoczesny, odporny na wysokie temperatury, mocny ciśnieniowy ekspres do kawy retro bambusowy uchwyt atrakcyjny design strona główna francuskie piwo dla rodziny w domu! 1000ml;;143.27
Ekspresy do kawy od ziaren do filiżanek do domu, ekspres do kawy Dom małe komercyjne włoskie półautomatyczne pompy parowe typ ciśnieniowy mielenie pianki mlecznej;;1 388.16
HMBB Automatyczny ekspres do kawy Espresso,ekspres do kawy z ciśnieniami 19 bar,młynka do kawy,do napojów Cafe Americano,Latte i Cappuccino,czarny,biały (Color : White);HMBB;8 724.16
Cecotec Ekspres do kawy Power Espresso 20 Matic. na 1-2 filiżanki, 20 bar, 1'5 l, sitko z podwójną wylewką, dysza do spieniania mleka, powierzchnia do odkładania filiżanek, 850 W, stal nierdzewna;Cecotec;391.65
iFCOW Ekspres do kawy ze stali nierdzewnej butelka z przenośnym filtrem ciśnieniowym na zewnątrz biuro (czarny) 1 ekspres do kawy ze stali nierdzewnej butelka na wodę butelka na herbatę butelka na wodę stal nierdzewna kawa;IFCOW;227.24
L.BAN Ręczny ekspres do kawy, robot domowy mini czajnik próżniowy, ekspres do kawy mokka czajnik ciśnieniowy;L.BAN;292.12
Ekspres do kawy espresso, półautomatyczna pompa ciśnieniowa do spieniania mleka, małe AGD, maszyna do prażenia kawy, łatwa do czyszczenia;1500 Mililitry;1 289.99
Ekspres do kawy Z automatycznym spieniaczem do mleka Automatyczny ekspres do kawy Cappuccino ciśnieniowy, espresso CoffeeMachine Drip Ekspres do kawy Utrzymuj ciepło (Kolor: 2,;FACAZ;5 546.99
58mm tłuczek do kawy, tłuczek do kawy ze stali nierdzewnej płaskodenny młynek do kawy młotek do kawy uchwyt do ekspresu do kawy narzędzie ciśnieniowe z drewnianą rączką;;68.00
Rura parowa poręczny bar mleczny półautomatyczna kawa pod wysokim ciśnieniem do akcesoriów do ekspresu ciśnieniowego;;47.29
Filtry do kawy, Kosze filtrujące ze stali nierdzewnej, Kosz na filtry ciśnieniowe Akcesoria do ekspresów do kawy, Dwuwarstwowe zmywalne Kompatybilne z częściami do ekspresów do kawy Bez BPA(single);;32.21
Wielokrotnego użytku filtr do kawy ze stali nierdzewnej kosz na filtr ciśnieniowy praktyczny domowy kawiarnia akcesoria do ekspresu do kawy (2#);Stal nierdzewna;42.91
Ekspres do kawy Z automatycznym spieniaczem do mleka Automatyczny ekspres do kawy Cappuccino ciśnieniowy, espresso CoffeeMachine Drip Ekspres do kawy Utrzymuj ciepło (Kolor: 2,;FACAZ;5 546.99
Ekspres do kawy Ekspres do kawy, Muti-Function Type Ekspres do kawy Espresso z wysokim ciśnieniem Kompatybilny z użytku domowego, kompatybilny z Home Office Hotle;;4 599.01
Ekspres do kawy, przenośny ekspres do kawy 38W moc 18bar do samochodów ciśnieniowych;YOKAM;672.74
Ekspres ręczny ciśnieniowy, ekspres przelewowy, 4 filiżanki, przezroczysty, wielofunkcyjny, podróżny, kuchenny;;139.73
Prasa do kawy, potrójny filtr ciśnieniowy ze stali nierdzewnej Lekka przenośna prasa francuska Ekspres do kawy do podróży(#3);Omabeta;200.09
hemoton Ze Stali Nierdzewnej Wlać Kroplownik Do Kawy 51Mm Kosz Z Filtrem Portafilter Dwuwarstwowy Kosz Z Filtrem Do Espresso Do Ekspresów Ciśnieniowych Dla 2 Osób;;51.49
